{
  "com.badlogic.gdx.graphics.g2d.BitmapFont": {
    "default-font": {
      "file": "roboto-medium.fnt"
    },
    "small-font": {
      "file": "roboto-medium-small.fnt"
    },
    "big-font": {
      "file": "roboto-medium-big.fnt"
    },
    "default-font-normal": {
      "file": "roboto-medium-no-stroke.fnt"
    },
    "small-font-normal": {
      "file": "roboto-medium-small-no-stroke.fnt"
    },
    "big-font-normal": {
      "file": "roboto-medium-big-no-stroke.fnt"
    }
  },
  "com.badlogic.gdx.graphics.Color": {
    "overlap2d-menuitem-grey": {
      "a": 1,
      "b": 0.87,
      "g": 0.87,
      "r": 0.87
    },
    "overlap2d-menuitem-disabled-grey": {
      "a": 1,
      "b": 0.45,
      "g": 0.45,
      "r": 0.45
    },
    "overlap2d-menuitem-shortcut-grey": {
      "a": 1,
      "b": 0.8,
      "g": 0.75,
      "r": 0.72
    },
    "overlap2d-button-text-black": {
      "a": 0.9,
      "b": 0.1,
      "g": 0.1,
      "r": 0.1
    },
    "green": {
      "a": 1,
      "b": 0,
      "g": 1,
      "r": 0
    },
    "white": {
      "a": 1,
      "b": 1,
      "g": 1,
      "r": 1
    },
    "red": {
      "a": 1,
      "b": 0,
      "g": 0,
      "r": 1
    },
    "black": {
      "a": 1,
      "b": 0,
      "g": 0,
      "r": 0
    },
    "grey": {
      "a": 1,
      "b": 0.32,
      "g": 0.32,
      "r": 0.32
    },
    "menuitem-grey": {
      "a": 1,
      "b": 0.65,
      "g": 0.65,
      "r": 0.65
    },
    "vis-blue": {
      "a": 1,
      "b": 0.886,
      "g": 0.631,
      "r": 0.105
    }
  },
  "com.badlogic.gdx.scenes.scene2d.ui.Skin$TintedDrawable": {
    "dialogDim": {
      "name": "white",
      "color": {
        "r": 0,
        "g": 0,
        "b": 0,
        "a": 0.45
      }
    }
  },
  "com.badlogic.gdx.scenes.scene2d.ui.Button$ButtonStyle": {
    "default": {
      "down": "button-down",
      "up": "button"
    },
    "toggle": {
      "down": "button-down",
      "checked": "button-down",
      "up": "button"
    }
  },
  "com.badlogic.gdx.scenes.scene2d.ui.TextButton$TextButtonStyle": {
    "default": {
      "down": "button-down",
      "up": "button",
      "over": "button-over",
      "disabled": "button",
      "font": "default-font",
      "fontColor": "overlap2d-button-text-black",
      "disabledFontColor": "grey"
    },
    "toggle": {
      "down": "button-down",
      "up": "button",
      "checked": "button-down",
      "over": "button-over",
      "font": "default-font",
      "fontColor": "white"
    }
  },
  "com.badlogic.gdx.scenes.scene2d.ui.ScrollPane$ScrollPaneStyle": {
    "default": {
      "vScroll": "scroll",
      "vScrollKnob": "scroll-knob-vertical",
      "hScroll": "scroll-horizontal",
      "hScrollKnob": "scroll-knob-horizontal",
      "background": "border"
    },
    "list": {
      "vScroll": "scroll",
      "vScrollKnob": "scroll-knob-vertical",
      "hScroll": "scroll-horizontal",
      "hScrollKnob": "scroll-knob-horizontal"
    }
  },
  "com.badlogic.gdx.scenes.scene2d.ui.SelectBox$SelectBoxStyle": {
    "default": {
      "font": "default-font",
      "fontColor": "white",
      "background": "default-select",
      "scrollStyle": "default",
      "listStyle": {
        "font": "default-font",
        "selection": "list-selection",
        "background": "select-box-list-bg"
      }
    },
    "white": {
      "font": "default-font-normal",
      "fontColor": "black",
      "background": "default-select-white",
      "scrollStyle": "default",
      "listStyle": {
        "font": "default-font-normal",
        "fontColorSelected": "black",
        "fontColorUnselected": "black",
        "selection": "list-selection-white",
        "background": "select-box-list-bg-white"
      }
    }
  },
  "com.badlogic.gdx.scenes.scene2d.ui.SplitPane$SplitPaneStyle": {
    "default-vertical": {
      "handle": "splitpane-vertical"
    },
    "default-horizontal": {
      "handle": "splitpane"
    }
  },
  "com.badlogic.gdx.scenes.scene2d.ui.Window$WindowStyle": {
    "default": {
      "titleFont": "big-font",
      "background": "window",
      "titleFontColor": "white"
    },
    "noborder": {
      "titleFont": "big-font",
      "background": "window-noborder",
      "titleFontColor": "white"
    },
    "dialog": {
      "titleFont": "big-font",
      "background": "window",
      "titleFontColor": "white",
      "stageBackground": "dialogDim"
    },
    "box": {
      "titleFont": "big-font",
      "background": "box",
      "titleFontColor": "white"
    }
  },
  "com.badlogic.gdx.scenes.scene2d.ui.ProgressBar$ProgressBarStyle": {
    "default-horizontal": {
      "background": "progressbar",
      "knob": "progressbar-filled",
      "knobBefore": "progressbar-filled"
    },
    "default-vertical": {
      "background": "progressbar-vertical",
      "knob": "progressbar-filled-vertical",
      "knobBefore": "progressbar-filled-vertical"
    }
  },
  "com.badlogic.gdx.scenes.scene2d.ui.Slider$SliderStyle": {
    "default-horizontal": {
      "background": "slider",
      "knob": "slider-knob",
      "disabledKnob": "slider-knob-disabled"
    },
    "default-vertical": {
      "background": "slider-vertical",
      "knob": "slider-knob",
      "disabledKnob": "slider-knob-disabled"
    }
  },
  "com.badlogic.gdx.scenes.scene2d.ui.Label$LabelStyle": {
    "default": {
      "font": "default-font",
      "fontColor": "white"
    },
    "small": {
      "font": "small-font",
      "fontColor": "white"
    },
    "menuitem-shortcut": {
      "font": "small-font",
      "fontColor": "overlap2d-menuitem-shortcut-grey"
    }
  },
  "com.badlogic.gdx.scenes.scene2d.ui.TextField$TextFieldStyle": {
    "default": {
      "selection": "selection",
      "background": "textfield",
      "font": "default-font",
      "fontColor": "white",
      "cursor": "cursor"
    }
  },
  "com.badlogic.gdx.scenes.scene2d.ui.CheckBox$CheckBoxStyle": {
    "default": {
      "checkboxOn": "check-on",
      "checkboxOff": "check-off",
      "font": "default-font",
      "fontColor": "white",
      "disabledFontColor": "grey"
    },
    "radio": {
      "checkboxOn": "radio-on",
      "checkboxOff": "radio-off",
      "font": "default-font",
      "fontColor": "white",
      "disabledFontColor": "grey"
    }
  },
  "com.badlogic.gdx.scenes.scene2d.ui.List$ListStyle": {
    "default": {
      "fontColorUnselected": "white",
      "selection": "list-selection",
      "fontColorSelected": "white",
      "font": "default-font"
    }
  },
  "com.badlogic.gdx.scenes.scene2d.ui.Touchpad$TouchpadStyle": {
    "default": {
      "background": "default-pane",
      "knob": "touchpad-knob"
    }
  },
  "com.badlogic.gdx.scenes.scene2d.ui.Tree$TreeStyle": {
    "default": {
      "minus": "tree-minus",
      "plus": "tree-plus",
      "selection": "tree-selection",
      "over": "tree-over"
    }
  },
  "com.kotcrab.vis.ui.widget.VisTextField$VisTextFieldStyle": {
    "default": {
      "selection": "selection",
      "background": "textfield",
      "backgroundOver": "textfield-over",
      "focusBorder": "border",
      "errorBorder": "border-error",
      "font": "default-font",
      "fontColor": "white",
      "disabledFontColor": "grey",
      "cursor": "cursor"
    },
    "light": {
      "selection": "selection",
      "background": "textfield-light",
      "backgroundOver": "textfield-light-over",
      "focusBorder": "border",
      "errorBorder": "border-error",
      "font": "default-font",
      "fontColor": "white",
      "disabledFontColor": "grey",
      "cursor": "cursor"
    },
    "transparent": {
      "selection": "default-select-selection",
      "focusBorder": "border",
      "errorBorder": "border-error",
      "font": "default-font",
      "fontColor": "white",
      "cursor": "cursor"
    }
  },
  "com.kotcrab.vis.ui.widget.VisImageTextButton$VisImageTextButtonStyle": {
    "hierarchy-item-root": {
      "imageUp": "icon-root",
      "imageDown": "icon-root",
      "imageOver": "icon-root",
      "font": "big-font-normal"
    },
    "hierarchy-item": {
      "imageUp": "icon-composite2",
      "imageDown": "icon-composite2",
      "imageOver": "icon-composite2",
      "font": "big-font-normal"
    }
  },
  "com.kotcrab.vis.ui.widget.VisTextButton$VisTextButtonStyle": {
    "default": {
      "down": "button-down",
      "up": "button",
      "over": "button-over",
      "disabled": "button",
      "font": "big-font-normal",
      "fontColor": "overlap2d-button-text-black",
      "disabledFontColor": "grey"
    },
    "dark": {
      "down": "button-dark-down",
      "up": "button-dark",
      "over": "button-dark-over",
      "disabled": "button-dark",
      "font": "big-font",
      "fontColor": "overlap2d-button-text-black",
      "disabledFontColor": "grey"
    },
    "orange": {
      "down": "button-orange-down",
      "up": "button-orange",
      "over": "button-orange-over",
      "disabled": "button-orange",
      "font": "big-font-normal",
      "fontColor": "overlap2d-button-text-black",
      "disabledFontColor": "grey"
    },
    "tagBtn": {
      "down": "toolbar-over",
      "up": "toolbar-over",
      "fontColor": "white",
      "font": "default-font"
    },
    "toggle": {
      "down": "button-down",
      "up": "button",
      "checked": "button-down",
      "over": "button-over",
      "font": "default-font",
      "fontColor": "white",
      "focusBorder": "border"
    },
    "menu-bar": {
      "down": "menu-bg-down",
      "up": "menu-bg-up",
      "over": "menu-bg-over",
      "font": "big-font",
      "fontColor": "overlap2d-menuitem-grey"
    }
  },
  "com.uwsoft.editor.view.ui.box.resourcespanel.draggable.list.ListItemResource$ListItemResourceStyle": {
    "library": {
      "up": "button-resource",
      "over": "button-resource-over",
      "down": "button-resource-over",
      "resourceUp": "icon-library",
      "resourceDown": "icon-library-over",
      "resourceOver": "icon-library-over",
      "labelStyle": {
        "font": "small-font",
        "fontColor": "white"
      }
    },
    "particle": {
      "up": "button-resource",
      "over": "button-resource-over",
      "down": "button-resource-over",
      "resourceUp": "icon-particle",
      "resourceDown": "icon-particle-over",
      "resourceOver": "icon-particle-over",
      "labelStyle": {
        "font": "small-font",
        "fontColor": "white"
      }
    }
  },
  "com.kotcrab.vis.ui.widget.VisImageButton$VisImageButtonStyle": {
    "default": {
      "down": "button-down",
      "up": "button",
      "over": "button-over",
      "disabled": "button",
      "focusBorder": "border"
    },
    "dark": {
      "down": "button-dark-down",
      "up": "button-dark",
      "over": "button-dark-over",
      "disabled": "button-dark"
    },
    "toggle": {
      "down": "button-down",
      "up": "button",
      "checked": "button-down",
      "over": "button-over",
      "focusBorder": "border"
    },
    "close-window": {
      "down": "button-down",
      "up": "button",
      "over": "button-over",
      "imageUp": "icon-close"
    },
    "close-panel": {
      "imageDown": "icon-close-orange-down",
      "imageOver": "icon-close-orange-over",
      "imageUp": "icon-close-orange"
    },
    "trash-button": {
      "imageDown": "icon-trash-disabled",
      "imageOver": "icon-trash-over",
      "imageUp": "icon-trash"
    },
    "close": {
      "down": "button-red",
      "up": "button",
      "over": "button-over",
      "imageUp": "icon-close"
    },
    "close-active-tab": {
      "down": "button-red",
      "up": "button",
      "over": "button-over",
      "imageUp": "icon-close"
    },
    "close-box": {
      "imageUp": "box-colapse-on",
      "imageChecked": "box-colapse-off"
    },
    "tool-SELECTION_TOOL": {
      "down": "toolbar-down",
      "up": "toolbar-normal",
      "over": "toolbar-over",
      "checked": "toolbar-down",
      "imageUp": "tool-move"
    },
    "tool-TRANSFORM_TOOL": {
      "down": "toolbar-down",
      "up": "toolbar-normal",
      "over": "toolbar-over",
      "checked": "toolbar-down",
      "imageUp": "tool-transform"
    },
    "tool-TEXT_TOOL": {
      "down": "toolbar-down",
      "up": "toolbar-normal",
      "over": "toolbar-over",
      "checked": "toolbar-down",
      "imageUp": "tool-label"
    },
    "tool-POINT_LIGHT_TOOL": {
      "down": "toolbar-down",
      "up": "toolbar-normal",
      "over": "toolbar-over",
      "checked": "toolbar-down",
      "imageUp": "tool-sphericlight"
    },
    "tool-CONE_LIGHT_TOOL": {
      "down": "toolbar-down",
      "up": "toolbar-normal",
      "over": "toolbar-over",
      "checked": "toolbar-down",
      "imageUp": "tool-conuslight"
    },
    "tool-MESH_TOOL": {
      "down": "toolbar-down",
      "up": "toolbar-normal",
      "over": "toolbar-over",
      "checked": "toolbar-down",
      "imageUp": "tool-mesh"
    },
    "align-center-horisontal": {
      "down": "toolbar-down",
      "up": "toolbar-normal",
      "over": "toolbar-over",
      "imageUp": "align-center-horisontal"
    },
    "align-center-vertical": {
      "down": "toolbar-down",
      "up": "toolbar-normal",
      "over": "toolbar-over",
      "imageUp": "align-center-vertical"
    },
    "align-simple-down": {
      "down": "toolbar-down",
      "up": "toolbar-normal",
      "over": "toolbar-over",
      "imageUp": "align-simple-down"
    },
    "align-simple-up": {
      "down": "toolbar-down",
      "up": "toolbar-normal",
      "over": "toolbar-over",
      "imageUp": "align-simple-up"
    },
    "align-simple-left": {
      "down": "toolbar-down",
      "up": "toolbar-normal",
      "over": "toolbar-over",
      "imageUp": "align-simple-left"
    },
    "align-simple-right": {
      "down": "toolbar-down",
      "up": "toolbar-normal",
      "over": "toolbar-over",
      "imageUp": "align-simple-right"
    },
    "align-edge-down": {
      "down": "toolbar-down",
      "up": "toolbar-normal",
      "over": "toolbar-over",
      "imageUp": "align-edge-down"
    },
    "align-edge-right": {
      "down": "toolbar-down",
      "up": "toolbar-normal",
      "over": "toolbar-over",
      "imageUp": "align-edge-right"
    },
    "align-edge-up": {
      "down": "toolbar-down",
      "up": "toolbar-normal",
      "over": "toolbar-over",
      "imageUp": "align-edge-up"
    },
    "align-edge-left": {
      "down": "toolbar-down",
      "up": "toolbar-normal",
      "over": "toolbar-over",
      "imageUp": "align-edge-left"
    },
    "expandable-properties-button": {
      "imageUp": "expandable-properties-collapse-on",
      "imageChecked": "expandable-properties-collapse-off"
    },
    "layer-lock": {
      "imageUp": "icon-lock-inactive",
      "imageChecked": "icon-lock-active"
    },
    "layer-visible": {
      "imageUp": "icon-visible-on",
      "imageChecked": "icon-visible-off"
    },
    "new-layer-button": {
      "imageDown": "icon-new-layer",
      "imageOver": "icon-new-layer",
      "imageUp": "icon-new-layer"
    },
    "library-link-button": {
      "imageUp": "icon-unlink-inactive",
      "imageOver": "icon-link-inactive",
      "imageChecked": "icon-link-active",
      "imageCheckedOver": "icon-unlink-active"
    }
  },
  "com.badlogic.gdx.scenes.scene2d.ui.Slider$SliderStyle": {
    "default-horizontal": {
      "background": "slider",
      "knob": "slider-knob",
      "disabledKnob": "slider-knob-disabled",
      "knobOver": "slider-knob-over",
      "knobDown": "slider-knob-down"
    },
    "default-vertical": {
      "background": "slider-vertical",
      "knob": "slider-knob",
      "disabledKnob": "slider-knob-disabled",
      "knobOver": "slider-knob-over",
      "knobDown": "slider-knob-down"
    }
  },
  "com.kotcrab.vis.ui.widget.VisCheckBox$VisCheckBoxStyle": {
    "default": {
      "checkboxOn": "check-on",
      "checkboxOff": "check-off",
      "checkboxOver": "check-over-off",
      "checkboxOnOver": "check-over-on",
      "checkboxOffDown": "check-down",
      "checkboxOnDown": "check-down-on",
      "checkboxOffDisabled": "check-off",
      "checkboxOnDisabled": "check-on-disabled",
      "focusBorder": "border",
      "font": "default-font",
      "fontColor": "white",
      "disabledFontColor": "grey"
    },
    "radio": {
      "checkboxOn": "radio-on",
      "checkboxOff": "radio-off",
      "checkboxOver": "radio-over-off",
      "checkboxOnOver": "radio-over-on",
      "checkboxOffDown": "radio-down",
      "checkboxOnDown": "radio-down-on",
      "checkboxOffDisabled": "radio-off",
      "checkboxOnDisabled": "radio-on-disabled",
      "font": "default-font",
      "fontColor": "white",
      "disabledFontColor": "grey"
    }
  },
  "com.kotcrab.vis.ui.widget.PopupMenu$PopupMenuStyle": {
    "default": {
      "background": "popup-menu",
      "border": "border"
    },
    "noborder": {
      "background": "button"
    }
  },
  "com.kotcrab.vis.ui.widget.Separator$SeparatorStyle": {
    "default": {
      "background": "separator",
      "thickness": 2
    },
    "vertical": {
      "background": "separator-vertical",
      "thickness": 2,
      "vertical": true
    },
    "menu": {
      "background": "separator-menu",
      "thickness": 2
    }
  },
  "com.kotcrab.vis.ui.widget.VisSplitPane$VisSplitPaneStyle": {
    "default-vertical": {
      "handle": "splitpane-vertical",
      "handleOver": "splitpane-vertical-over"
    },
    "default-horizontal": {
      "handle": "splitpane",
      "handleOver": "splitpane-over"
    }
  },
  "com.kotcrab.vis.ui.widget.MenuItem$MenuItemStyle": {
    "default": {
      "down": "popup-menu-down",
      "up": "popup-menu",
      "over": "popup-menu-over",
      "disabled": "popup-menu",
      "font": "default-font",
      "fontColor": "overlap2d-menuitem-grey",
      "disabledFontColor": "overlap2d-menuitem-disabled-grey",
      "subMenu": "sub-menu"
    }
  },
  "com.kotcrab.vis.ui.widget.NumberSelector$NumberSelectorStyle": {
    "default": {
      "down": "select-down",
      "up": "select-up"
    }
  },
  "com.kotcrab.vis.ui.Sizes": {
    "default": {
      "scaleFactor": 1,
      "spacingBottom": 8,
      "spacingRight": 6,
      "menuItemIconSize": 22,
      "numberSelectorButtonSize": 12,
      "numberSelectorButtonsWidth": 12,
      "numberSelectorFieldSize": 40
    }
  },
  "com.kotcrab.vis.ui.widget.Tooltip$TooltipStyle": {
    "default":
    {
      "background": "tooltip-bg"
    }
  },
  "com.kotcrab.vis.ui.widget.file.FileChooserStyle": {
      "default": {
        "highlight": "list-selection",
        "popupMenuStyleName": "default",
        "iconArrowLeft": "icon-arrow-left",
        "iconArrowRight": "icon-arrow-right",
        "iconFolder": "icon-folder",
        "iconFolderParent": "icon-folder",
        "iconFolderNew": "icon-folder",
        "iconDrive": "icon-drive",
        "iconFolderStar": "icon-folder",
        "iconTrash": "icon-trash",
        "iconFileText": "icon-label",
        "iconFileImage": "icon-image",
        "iconFilePdf": "icon-label",
        "iconFileAudio": "icon-label"
      }
    },
  "com.kotcrab.vis.ui.widget.color.ColorPickerStyle": {
    "default": {
      "white": "white",
      "alphaBar10px": "alpha-bar-10px",
      "alphaBar25px": "alpha-bar-25px",
      "barSelector": "color-picker-bar-selector",
      "cross": "color-picker-cross",
      "verticalSelector": "color-picker-selector-vertical",
      "horizontalSelector": "color-picker-selector-horizontal"
    }
  },
  "com.kotcrab.vis.ui.widget.tabbedpane.TabbedPane$TabbedPaneStyle": {
    "default": {
      //"background": "menu-bg",
      //"bottomBar": "list-selection",
      "buttonStyle": {
        "up": "tab-inactive",
        "checked": "tab-active",
        "font": "default-font",
        "fontColor": "white"
      }
    }
  }
}